gene_id,uniprot_accession.x,gene_name.x,Entry.Name.x,Protein.names.x,Gene.Names.x,Gene.Ontology.biological.process.x,Gene.Ontology.IDs.x,PSC.56,PSC.52,PSC.54,PSC.61,PSC.64,PSC.73,PSC.76,PSC.81,PSC.59,PSC.57,PSC.69,PSC.67,PSC.71,PSC.75,PSC.78,PSC.83,PSC.0228,PSC.0187,PSC.0188,PSC.0174,PSC.0190,PSC.0231,PSC.0230,PSC.0219,PSC.0177,PSC.0186,PSC.0209,PSC.0203
g6532,P62282,RS11_RAT,RS11_RAT,Small ribosomal subunit protein uS17 (40S ribosomal protein S11),Rps11,osteoblast differentiation [GO:0001649]; ribosomal small subunit biogenesis [GO:0042274]; translation [GO:0006412],GO:0001649; GO:0003735; GO:0005730; GO:0006412; GO:0016020; GO:0019843; GO:0022626; GO:0022627; GO:0032040; GO:0042274; GO:0045202,44627,33386,29929,20320,28921,29520,24807,29163,29149,25031,37148,30615,44772,11788,54407,24070,13585,18490,11925,11332,11425,14617,10744,8028,9401,10978,10286,13183
g5593,Q4R8Z2,RL13A_MACFA,RL13A_MACFA,Large ribosomal subunit protein uL13 (60S ribosomal protein L13a),RPL13A QtsA-11103,negative regulation of formation of translation preinitiation complex [GO:1901194]; negative regulation of translation [GO:0017148]; translation [GO:0006412],GO:0003729; GO:0003735; GO:0006412; GO:0017148; GO:0022625; GO:0097452; GO:1901194,44494,40230,36807,21543,33419,30311,30757,36856,38418,29492,40372,34334,37854,19706,54882,31644,18805,19309,14643,18062,17363,18923,15989,12198,12036,12260,10187,12875
g10884,Q9NB33,RL44_OCHTR,RL44_OCHTR,Large ribosomal subunit protein eL42 (60S ribosomal protein L44),RpL44,translation [GO:0006412],GO:0003735; GO:0005840; GO:0006412; GO:1990904,18756,15916,16784,9981,12946,12577,11941,15650,13665,11765,15336,14078,18149,6752,19827,11025,7299,10133,5577,7010,5980,8420,5944,4247,4441,6812,4141,7083
g6606,P23358,RL12_RAT,RL12_RAT,Large ribosomal subunit protein uL11 (60S ribosomal protein L12),Rpl12,positive regulation of translational elongation [GO:0045901]; translation [GO:0006412],GO:0003735; GO:0005634; GO:0005730; GO:0005737; GO:0006412; GO:0014069; GO:0022625; GO:0022626; GO:0045202; GO:0045901; GO:0070180,24051,25311,23127,12456,17555,19705,22542,23321,20860,16712,24690,20948,21004,11675,23349,19126,11193,11708,8086,10185,8813,10444,7456,6273,6615,7639,9424,6494
g7952,G1SNY0,RL27A_RABIT,RL27A_RABIT,Large ribosomal subunit protein uL15 (60S ribosomal protein L27a),RPL27A,translation [GO:0006412],GO:0003735; GO:0006412; GO:0022625,31158,29795,28245,17944,22979,25228,21536,27766,21332,19141,28817,23804,27850,8976,41676,15415,10999,16055,11199,11001,8341,12274,10955,7864,7787,11779,4352,11524
g20093,Q02543,RL18A_HUMAN,RL18A_HUMAN,Large ribosomal subunit protein eL20 (60S ribosomal protein L18a),RPL18A,cytoplasmic translation [GO:0002181]; translation [GO:0006412],GO:0002181; GO:0003723; GO:0003735; GO:0005737; GO:0005829; GO:0006412; GO:0016020; GO:0022625; GO:0022626,46552,40587,39456,23523,32853,36990,32557,35797,34962,36957,47422,39073,47482,20489,43601,30779,14964,15915,11759,15594,14815,16252,9702,8378,10597,11785,8483,11579
g12249,P13732,RL22_TRIGR,RL22_TRIGR,Large ribosomal subunit protein eL22 (60S ribosomal protein L22) (Development-specific protein 217),RPL22,translation [GO:0006412],GO:0003735; GO:0005840; GO:0006412; GO:1990904,24222,26795,29240,17049,21051,23813,21954,27548,22497,18762,29860,23666,26166,14110,29569,20309,11593,10309,7314,11035,8432,10459,8548,6572,7334,7348,10607,8286
g22899,P08736,EF1A1_DROME,EF1A1_DROME,Elongation factor 1-alpha 1 (EF-1-alpha-1) (50 kDa female-specific protein),eEF1alpha1 Ef1alpha48D EF1B F1 CG8280,translation [GO:0006412]; translational elongation [GO:0006414],GO:0003746; GO:0003924; GO:0005525; GO:0005737; GO:0006412; GO:0006414,137518,217083,219157,123500,203659,161266,176738,162245,173033,157891,182062,176033,173004,91358,83540,150408,100763,75612,69765,104021,91140,98715,90689,73048,76898,60565,84687,64827
g21796,P63245,RACK1_RAT,RACK1_RAT,"Small ribosomal subunit protein RACK1 (Guanine nucleotide-binding protein subunit beta-2-like 1) (Receptor for activated C kinase) (Receptor of activated protein C kinase 1) (Receptor of activated protein kinase C 1) [Cleaved into: Small ribosomal subunit protein RACK1, N-terminally processed (Receptor of activated protein C kinase 1, N-terminally processed)]",Rack1 Gnb2l1,cellular response to glucose stimulus [GO:0071333]; cellular response to growth factor stimulus [GO:0071363]; gastrulation [GO:0007369]; negative regulation of cell growth [GO:0030308]; negative regulation of gene expression [GO:0010629]; negative regulation of intrinsic apoptotic signaling pathway in response to hydrogen peroxide [GO:1903751]; negative regulation of peptidyl-serine phosphorylation [GO:0033137]; negative regulation of phagocytosis [GO:0050765]; negative regulation of phosphatidylinositol 3-kinase/protein kinase B signal transduction [GO:0051898]; negative regulation of smoothened signaling pathway [GO:0045879]; negative regulation of translation [GO:0017148]; negative regulation of Wnt signaling pathway [GO:0030178]; osteoblast differentiation [GO:0001649]; pigmentation [GO:0043473]; positive regulation of apoptotic process [GO:0043065]; positive regulation of cell migration [GO:0030335]; positive regulation of gastrulation [GO:2000543]; positive regulation of Golgi to plasma membrane protein transport [GO:0042998]; positive regulation of GTPase activity [GO:0043547]; positive regulation of intrinsic apoptotic signaling pathway [GO:2001244]; positive regulation of mitochondrial depolarization [GO:0051901]; positive regulation of proteasomal ubiquitin-dependent protein catabolic process [GO:0032436]; positive regulation of protein phosphorylation [GO:0001934]; positive regulation of protein-containing complex assembly [GO:0031334]; protein kinase C-activating G protein-coupled receptor signaling pathway [GO:0007205]; protein ubiquitination [GO:0016567]; regulation of adenylate cyclase-activating G protein-coupled receptor signaling pathway [GO:0106070]; regulation of cell cycle [GO:0051726]; regulation of cell division [GO:0051302]; regulation of establishment of cell polarity [GO:2000114]; regulation of protein localization [GO:0032880]; regulation of protein localization to plasma membrane [GO:1903076]; rescue of stalled ribosome [GO:0072344]; rhythmic process [GO:0048511]; translation [GO:0006412],GO:0001649; GO:0001891; GO:0001934; GO:0005080; GO:0005634; GO:0005737; GO:0005739; GO:0005829; GO:0006412; GO:0007205; GO:0007369; GO:0008047; GO:0008200; GO:0008656; GO:0010629; GO:0015935; GO:0016020; GO:0016567; GO:0017148; GO:0019899; GO:0019903; GO:0030178; GO:0030292; GO:0030308; GO:0030332; GO:0030335; GO:0030425; GO:0030496; GO:0030971; GO:0031334; GO:0032436; GO:0032880; GO:0033137; GO:0035591; GO:0042169; GO:0042803; GO:0042998; GO:0043005; GO:0043022; GO:0043025; GO:0043065; GO:0043204; GO:0043473; GO:0043547; GO:0044297; GO:0045182; GO:0045879; GO:0048471; GO:0048511; GO:0050765; GO:0051302; GO:0051434; GO:0051726; GO:0051898; GO:0051901; GO:0071333; GO:0071363; GO:0072344; GO:0106070; GO:1903076; GO:1903751; GO:1990630; GO:2000114; GO:2000543; GO:2001244,39545,42749,40032,22846,30786,31835,36107,40561,28679,26400,30762,36955,29555,15655,31880,27842,15319,16370,13476,15278,12501,14943,14954,11878,12627,12369,16899,11332
g5860,Q90YS0,RS4_ICTPU,RS4_ICTPU,Small ribosomal subunit protein eS4 (40S ribosomal protein S4),rps4,translation [GO:0006412],GO:0003735; GO:0005840; GO:0006412; GO:0019843; GO:1990904,61781,66948,59421,32214,44964,44928,47160,57313,45718,37921,61728,56686,52089,22756,51230,40609,22478,26624,16098,18263,19182,20989,20423,14693,14320,20281,10919,16740
g18494,Q4R4Z6,RS3A_MACFA,RS3A_MACFA,Small ribosomal subunit protein eS1 (40S ribosomal protein S3a),RPS3A QnpA-15704,cell differentiation [GO:0030154]; ribosomal small subunit biogenesis [GO:0042274]; translation [GO:0006412],GO:0003735; GO:0005730; GO:0006412; GO:0022627; GO:0030154; GO:0032040; GO:0042274; GO:1990904,46519,32877,30574,19770,25274,27487,28834,28765,22743,27261,25176,30331,33906,9863,29387,16776,10841,12488,8243,10219,10700,12189,10258,7375,8119,10377,3824,9834
g18493,Q6PBY1,RS3A_DANRE,RS3A_DANRE,Small ribosomal subunit protein eS1 (40S ribosomal protein S3a),rps3a,chordate embryonic development [GO:0043009]; ribosomal small subunit biogenesis [GO:0042274]; translation [GO:0006412],GO:0003735; GO:0005730; GO:0005829; GO:0006412; GO:0022627; GO:0032040; GO:0042274; GO:0043009,53128,39524,37512,24435,28357,32610,35835,34491,29262,30184,36481,33743,41323,15708,37272,21934,14573,15115,9351,13375,13607,15626,12673,9178,9935,11094,10578,12035
g23633,P17702,RL28_RAT,RL28_RAT,Large ribosomal subunit protein eL28 (60S ribosomal protein L28),Rpl28,translation [GO:0006412],GO:0003735; GO:0005737; GO:0006412; GO:0022625; GO:0022626; GO:0030425; GO:0036464; GO:0044297; GO:0045202,37381,27239,25468,17216,20955,24201,23751,26331,24300,21204,28617,27631,33324,11234,37250,19887,9964,11277,7620,10249,9387,10669,8842,5657,6355,8363,1581,8503
g22795,Q8WQI5,RS8_SPOFR,RS8_SPOFR,Small ribosomal subunit protein eS8 (40S ribosomal protein S8),RpS8,"maturation of SSU-rRNA from tricistronic rRNA transcript (SSU-rRNA, 5.8S rRNA, LSU-rRNA) [GO:0000462]; ribosomal small subunit biogenesis [GO:0042274]; translation [GO:0006412]",GO:0000462; GO:0003735; GO:0005730; GO:0006412; GO:0016020; GO:0022627; GO:0032040; GO:0042274,88931,85090,76666,50306,60184,68598,70765,83277,71918,60184,86191,70495,84747,30349,105479,53042,29687,33996,22783,25119,24640,31028,25688,18543,21654,26546,22312,25215
g17927,Q9IA76,RL31_PAROL,RL31_PAROL,Large ribosomal subunit protein eL31 (60S ribosomal protein L31),rpl31,translation [GO:0006412],GO:0003735; GO:0005737; GO:0005840; GO:0006412; GO:1990904,27878,22256,22709,14241,18293,19232,16527,22208,21487,21132,29924,23234,27124,11674,30110,17430,13148,14281,9062,12154,11368,13877,9597,7184,8041,9222,8085,9476
g10281,P61354,RL27_RAT,RL27_RAT,Large ribosomal subunit protein eL27 (60S ribosomal protein L27),Rpl27,response to aldosterone [GO:1904044]; rRNA processing [GO:0006364]; translation [GO:0006412],GO:0003735; GO:0005654; GO:0005730; GO:0005737; GO:0005840; GO:0006364; GO:0006412; GO:0022625; GO:0022626; GO:0045202; GO:0098556; GO:1904044; GO:1990904,30301,23539,22919,14554,22675,23873,19827,26462,25792,28726,36122,28535,31275,10895,44804,21159,14294,16142,9607,12242,12522,14018,9306,7784,9421,10384,5812,9331
g4288,P62861,RS30_HUMAN,RS30_HUMAN,Ubiquitin-like FUBI-ribosomal protein eS30 fusion protein (FAU ubiquitin like and ribosomal protein S30 fusion) [Cleaved into: Ubiquitin-like protein FUBI; Small ribosomal subunit protein eS30 (40S ribosomal protein S30)],FAU,antibacterial humoral response [GO:0019731]; antimicrobial humoral immune response mediated by antimicrobial peptide [GO:0061844]; cytoplasmic translation [GO:0002181]; defense response to Gram-positive bacterium [GO:0050830]; innate immune response in mucosa [GO:0002227]; translation [GO:0006412],GO:0002181; GO:0002227; GO:0003723; GO:0003735; GO:0005615; GO:0005654; GO:0005737; GO:0005829; GO:0006412; GO:0015935; GO:0019731; GO:0022626; GO:0022627; GO:0050830; GO:0061844,19036,21225,21850,11143,18706,18084,17004,19822,15813,14336,22945,19322,21242,13296,21340,18937,9298,9711,5784,10188,9337,9636,7148,4875,6755,7371,7997,6750
g4123,P79781,RS27A_CHICK,RS27A_CHICK,Ubiquitin-ribosomal protein eS31 fusion protein (Ubiquitin carboxyl extension protein 80) [Cleaved into: Ubiquitin; Small ribosomal subunit protein eS31 (40S ribosomal protein S27a)],RPS27A UBA80,modification-dependent protein catabolic process [GO:0019941]; protein ubiquitination [GO:0016567]; ribosomal small subunit biogenesis [GO:0042274]; translation [GO:0006412],GO:0003735; GO:0005654; GO:0005730; GO:0006412; GO:0016567; GO:0019941; GO:0022627; GO:0031386; GO:0031625; GO:0032040; GO:0042274; GO:0046872,30148,26978,26845,17276,22203,24869,24489,27575,22934,21500,30855,27687,29195,12477,29666,21855,12889,13308,8617,12299,11695,12635,10741,7829,8385,8468,5972,9771
g4651,Q8N5C6,SRBD1_HUMAN,SRBD1_HUMAN,S1 RNA-binding domain-containing protein 1,SRBD1,nucleobase-containing compound metabolic process [GO:0006139]; translation [GO:0006412],GO:0003729; GO:0003735; GO:0006139; GO:0006412,585,828,589,432,366,234,543,595,184,158,123,476,141,30,1719,102,52,52,25,16,27,28,100,220,241,167,313,112
g8184,P47772,RS13_ICTPU,RS13_ICTPU,Small ribosomal subunit protein uS15 (40S ribosomal protein S13),rps13,translation [GO:0006412],GO:0003735; GO:0005730; GO:0006412; GO:0022627; GO:0070181,21161,18189,15875,10269,16206,17130,14461,19763,22052,17417,24682,17258,22211,10386,21467,18018,10723,9821,5108,10740,10347,9812,5790,5080,7009,6047,4937,5640
g9336,P31674,RS15_ORYSJ,RS15_ORYSJ,Small ribosomal subunit protein uS19 (40S ribosomal protein S15),RPS15 Os07g0184300 LOC_Os07g08660 OJ1046_F10.119,ribosomal small subunit assembly [GO:0000028]; translation [GO:0006412],GO:0000028; GO:0003723; GO:0003735; GO:0006412; GO:0022627,32694,30495,28479,16788,23966,25459,20462,26873,24538,21507,32174,26231,32089,11281,33761,19707,13499,15708,9264,10289,9268,11994,10357,7545,8077,10249,10184,10244
g8522,G1TU13,RS17_RABIT,RS17_RABIT,Small ribosomal subunit protein eS17 (40S ribosomal protein S17),RPS17,translation [GO:0006412],GO:0003735; GO:0005730; GO:0006412; GO:0022626; GO:1990904,31478,36799,34823,20948,27577,31077,29596,33242,27078,28760,28515,27766,30357,13590,27033,24719,11514,11664,7696,10693,11948,12527,9451,8732,7890,12175,7085,10650
g15800,P17074,RS19_RAT,RS19_RAT,Small ribosomal subunit protein eS19 (40S ribosomal protein S19),Rps19,"antimicrobial humoral immune response mediated by antimicrobial peptide [GO:0061844]; erythrocyte differentiation [GO:0030218]; maturation of SSU-rRNA [GO:0030490]; maturation of SSU-rRNA from tricistronic rRNA transcript (SSU-rRNA, 5.8S rRNA, LSU-rRNA) [GO:0000462]; monocyte chemotaxis [GO:0002548]; negative regulation of respiratory burst involved in inflammatory response [GO:0060266]; Notch signaling pathway [GO:0007219]; nucleolus organization [GO:0007000]; positive regulation of respiratory burst involved in inflammatory response [GO:0060265]; ribosomal small subunit assembly [GO:0000028]; ribosomal small subunit biogenesis [GO:0042274]; rRNA processing [GO:0006364]; translation [GO:0006412]",GO:0000028; GO:0000462; GO:0002548; GO:0003723; GO:0003735; GO:0005730; GO:0005737; GO:0005829; GO:0005840; GO:0006364; GO:0006412; GO:0007000; GO:0007219; GO:0014069; GO:0015935; GO:0017134; GO:0019901; GO:0022626; GO:0022627; GO:0030218; GO:0030490; GO:0031369; GO:0032040; GO:0042274; GO:0042802; GO:0045202; GO:0060265; GO:0060266; GO:0061844,38116,36381,33590,19477,28385,29576,26462,30234,24771,25696,33053,29741,35260,13612,37538,21948,10774,11183,7991,12281,10289,12249,10094,8460,9464,9788,6871,8904
g23830,G1TFM5,RS5_RABIT,RS5_RABIT,Small ribosomal subunit protein uS7 (40S ribosomal protein S5),RPS5,ribosomal small subunit assembly [GO:0000028]; translation [GO:0006412],GO:0000028; GO:0003729; GO:0003735; GO:0005730; GO:0006412; GO:0019843; GO:0022626; GO:0022627,28619,31295,29534,17671,24863,24925,25405,30995,27054,21341,37336,28737,30218,14467,42608,23208,11493,16400,10064,10362,10793,14011,9401,6669,7894,10707,9877,9311
g22950,P05388,RLA0_HUMAN,RLA0_HUMAN,Large ribosomal subunit protein uL10 (60S acidic ribosomal protein P0) (60S ribosomal protein L10E),RPLP0,cytoplasmic translation [GO:0002181]; ribosomal large subunit assembly [GO:0000027]; translation [GO:0006412],GO:0000027; GO:0002181; GO:0003723; GO:0003735; GO:0005634; GO:0005737; GO:0005783; GO:0005829; GO:0005925; GO:0006412; GO:0014069; GO:0016020; GO:0022625; GO:0022626; GO:0036464; GO:0070062; GO:0070180; GO:0098794; GO:1990904,34643,33093,34891,23376,38226,31842,33368,34483,30452,27035,41857,36985,33618,18636,38636,24910,17847,24741,16807,21795,15895,18239,16601,10932,16385,15100,16389,16253
g17251,Q8R050,ERF3A_MOUSE,ERF3A_MOUSE,Eukaryotic peptide chain release factor GTP-binding subunit ERF3A (Eukaryotic peptide chain release factor subunit 3a) (eRF3a) (EC 3.6.5.-) (G1 to S phase transition protein 1 homolog),Gspt1 Erf3a,"nuclear-transcribed mRNA catabolic process, nonsense-mediated decay [GO:0000184]; regulation of translational termination [GO:0006449]; translation [GO:0006412]; translational termination [GO:0006415]",GO:0000184; GO:0003747; GO:0003924; GO:0005525; GO:0005737; GO:0006412; GO:0006415; GO:0006449; GO:0018444; GO:0022626,1481,2059,2241,1718,2944,2175,2177,2516,3065,4295,3091,5180,2932,1582,2378,3711,2700,2626,2083,3247,2579,2238,1255,925,1833,973,1666,877
g18210,P51410,RL9_MOUSE,RL9_MOUSE,Large ribosomal subunit protein uL6 (60S ribosomal protein L9),Rpl9,cytoplasmic translation [GO:0002181]; translation [GO:0006412]; translation at postsynapse [GO:0140242]; translation at presynapse [GO:0140236],GO:0002181; GO:0003735; GO:0005737; GO:0005829; GO:0005840; GO:0006412; GO:0019843; GO:0022625; GO:0045202; GO:0098793; GO:0098794; GO:0140236; GO:0140242,34917,38531,35738,20102,28083,30158,29681,36393,29799,26526,36505,30358,36269,14785,53150,24936,16170,19478,11623,13658,13283,15955,14561,9848,10453,13995,4502,12247
g23759,Q8ISP0,RS18_BRABE,RS18_BRABE,Small ribosomal subunit protein uS13 (40S ribosomal protein S18),RPS18,translation [GO:0006412],GO:0003735; GO:0005737; GO:0005840; GO:0006412; GO:0019843; GO:1990904,30164,31423,29803,19715,23455,26149,24332,30398,28892,25271,32155,25043,31657,14651,41638,22667,12393,15158,9363,10217,10580,13174,9882,7180,8812,11839,11995,10761
g14573,P49165,RL4_URECA,RL4_URECA,Large ribosomal subunit protein uL4 (60S ribosomal protein L4) (L1),RPL4 RPL1,translation [GO:0006412],GO:0003723; GO:0003735; GO:0006412; GO:0022625,58633,62182,57421,30464,40405,45955,56056,57370,41271,33734,47553,53032,45637,18298,44821,33894,22203,23641,18290,23029,19429,24930,20764,17872,19049,21526,17365,18382
g15019,Q9GNE2,RL23_AEDAE,RL23_AEDAE,Large ribosomal subunit protein uL14 (60S ribosomal protein L23) (AeRpL17A) (L17A),RpL23-A RpL17A AAEL013097; RpL23-B AAEL013583; RpL23-C AAEL015006,translation [GO:0006412],GO:0003735; GO:0005840; GO:0006412; GO:1990904,36018,25336,23500,15911,20890,20343,21085,26083,23628,19578,30189,26548,31641,11312,37830,16726,10196,12567,7140,7157,7422,10044,7724,5745,5931,7445,12223,7595
g3214,G1SZ12,RL14_RABIT,RL14_RABIT,Large ribosomal subunit protein eL14 (60S ribosomal protein L14),RPL14,ribosomal large subunit biogenesis [GO:0042273]; translation [GO:0006412],GO:0003723; GO:0003735; GO:0006412; GO:0022625; GO:0042273,28301,22827,25998,16452,18593,21166,19144,22457,25919,19896,28756,24331,25243,10059,31033,16052,7735,8104,6007,8170,7250,8069,6410,4868,6051,7032,4130,6551
g14704,Q3T0B7,RS27L_BOVIN,RS27L_BOVIN,Small ribosomal subunit protein eS27-like (40S ribosomal protein S27-like),RPS27L,ribosomal small subunit assembly [GO:0000028]; translation [GO:0006412],GO:0000028; GO:0003723; GO:0003735; GO:0006412; GO:0022627; GO:0046872,21692,22490,20473,14178,19540,24032,19111,21709,20542,22320,39267,22814,33755,13218,23371,23896,11242,11078,8075,11648,12044,12635,9026,5649,7269,9966,5300,9972
g2420,Q90Z10,RL13_DANRE,RL13_DANRE,Large ribosomal subunit protein eL13 (60S ribosomal protein L13),rpl13,embryonic cranial skeleton morphogenesis [GO:0048701]; regulation of cell cycle [GO:0051726]; translation [GO:0006412],GO:0003723; GO:0003735; GO:0006412; GO:0022625; GO:0048701; GO:0051726,65053,65507,47082,30454,43748,45797,46166,58365,49717,39119,61977,54508,58331,24618,77759,41049,25466,25292,19206,23962,20272,25072,17881,14605,20249,21652,25834,17335
g16424,P33095,RS15A_STRPU,RS15A_STRPU,Small ribosomal subunit protein uS8 (40S ribosomal protein S15a) (Ribosomal protein S24),RPS15A,translation [GO:0006412],GO:0003735; GO:0006412; GO:0022627,22328,18465,16979,10879,15298,15548,13657,17367,18520,16998,20283,19269,23650,9212,27046,15692,8329,9611,6255,7589,6944,8164,5479,4938,4840,6089,7211,6710
g16116,P18101,RL40_DROME,RL40_DROME,Ubiquitin-ribosomal protein eL40 fusion protein (CEP52) [Cleaved into: Ubiquitin; Large ribosomal subunit protein eL40 (60S ribosomal protein L40)],RpL40 Ubi-f UBI-F52 CG2960,cytoplasmic translation [GO:0002181]; modification-dependent protein catabolic process [GO:0019941]; protein modification process [GO:0036211]; protein ubiquitination [GO:0016567]; translation [GO:0006412]; ubiquitin-dependent protein catabolic process [GO:0006511],GO:0002181; GO:0003735; GO:0005634; GO:0005829; GO:0006412; GO:0006511; GO:0016567; GO:0019941; GO:0022625; GO:0022627; GO:0031386; GO:0031625; GO:0036211,14294,12254,10238,6651,11006,11035,8989,12499,11774,9015,11172,12219,12090,4344,18917,8973,5130,6295,4521,5347,4089,4941,4890,3484,3461,4153,1599,4433
g9254,O01727,RS6_BRAFL,RS6_BRAFL,Small ribosomal subunit protein eS6 (40S ribosomal protein S6),RPS6,translation [GO:0006412],GO:0003735; GO:0005840; GO:0006412; GO:1990904,59529,60298,54611,32976,43554,46054,52470,58176,50197,39840,50946,47953,40361,20872,40374,36599,20093,19254,15666,20936,17005,22440,18606,15372,15444,16462,14688,15610
g17568,P29314,RS9_RAT,RS9_RAT,Small ribosomal subunit protein uS4 (40S ribosomal protein S9),Rps9,positive regulation of cell population proliferation [GO:0008284]; ribosomal small subunit biogenesis [GO:0042274]; translation [GO:0006412],GO:0003735; GO:0005730; GO:0005737; GO:0006412; GO:0008284; GO:0019843; GO:0022626; GO:0022627; GO:0032040; GO:0042274; GO:0045182; GO:0045202; GO:1990904; GO:1990932,16440,15848,12173,6933,12797,10229,9704,13376,14915,13242,19443,15311,17788,8709,26891,11885,8570,11168,6944,9093,7733,8119,5682,4196,5329,4970,9341,5240
g22178,O42387,RS24_TAKRU,RS24_TAKRU,Small ribosomal subunit protein eS24 (40S ribosomal protein S24),rps24,translation [GO:0006412],GO:0003735; GO:0005737; GO:0006412; GO:0044391,37922,34492,32123,19142,26071,25281,23068,30427,28109,24327,34929,30627,37858,13714,46812,26544,15657,20288,9135,12612,12881,16486,10280,7798,8182,11558,11747,12513
g10949,P62907,RL10A_RAT,RL10A_RAT,Large ribosomal subunit protein uL1 (60S ribosomal protein L10a),Rpl10a,cytoplasmic translation [GO:0002181]; response to ethanol [GO:0045471]; translation [GO:0006412],GO:0002181; GO:0003723; GO:0003735; GO:0005737; GO:0006412; GO:0014069; GO:0022625; GO:0022626; GO:0045202; GO:0045471,25966,37533,38343,21391,27133,33778,30748,31487,27989,22153,39668,27261,29767,16170,36026,25392,13758,18621,10491,13576,12624,13784,12535,9115,9956,12450,12444,11040
g22835,Q6B860,RT14_BOVIN,RT14_BOVIN,"Small ribosomal subunit protein uS14m (28S ribosomal protein S14, mitochondrial) (MRP-S14) (S14mt)",MRPS14,mitochondrial translation [GO:0032543]; translation [GO:0006412],GO:0003735; GO:0005743; GO:0005763; GO:0006412; GO:0032543,462,257,399,295,352,311,334,260,78,82,80,372,152,20,60,40,24,26,77,68,20,16,133,144,149,138,96,79
g9910,O61462,RL37A_CRYST,RL37A_CRYST,Large ribosomal subunit protein eL43 (60S ribosomal protein L37a),RPL37A,translation [GO:0006412],GO:0003735; GO:0005840; GO:0006412; GO:0046872; GO:1990904,14784,14068,12804,6621,11534,10878,10899,13176,14290,11100,17343,15414,16759,7980,23690,13644,7015,9449,4371,5993,6623,7014,4874,3655,5176,5707,7816,5789
g18429,P62909,RS3_RAT,RS3_RAT,Small ribosomal subunit protein uS3 (EC 4.2.99.18) (40S ribosomal protein S3),Rps3,apoptotic process [GO:0006915]; base-excision repair [GO:0006284]; cell division [GO:0051301]; cellular response to hydrogen peroxide [GO:0070301]; cellular response to nerve growth factor stimulus [GO:1990090]; cellular response to reactive oxygen species [GO:0034614]; cellular response to tumor necrosis factor [GO:0071356]; chromosome segregation [GO:0007059]; DNA damage response [GO:0006974]; DNA repair [GO:0006281]; negative regulation of DNA repair [GO:0045738]; negative regulation of protein ubiquitination [GO:0031397]; negative regulation of translation [GO:0017148]; positive regulation of activated T cell proliferation [GO:0042104]; positive regulation of apoptotic signaling pathway [GO:2001235]; positive regulation of base-excision repair [GO:1905053]; positive regulation of DNA repair [GO:0045739]; positive regulation of gene expression [GO:0010628]; positive regulation of interleukin-2 production [GO:0032743]; positive regulation of intrinsic apoptotic signaling pathway in response to DNA damage [GO:1902231]; positive regulation of microtubule polymerization [GO:0031116]; positive regulation of non-canonical NF-kappaB signal transduction [GO:1901224]; positive regulation of protein-containing complex assembly [GO:0031334]; positive regulation of T cell receptor signaling pathway [GO:0050862]; regulation of apoptotic process [GO:0042981]; response to TNF agonist [GO:0061481]; spindle assembly [GO:0051225]; translation [GO:0006412],GO:0003677; GO:0003684; GO:0003723; GO:0003729; GO:0003735; GO:0003906; GO:0004520; GO:0005634; GO:0005730; GO:0005737; GO:0005743; GO:0005759; GO:0005829; GO:0005840; GO:0005886; GO:0006281; GO:0006284; GO:0006412; GO:0006915; GO:0006974; GO:0007059; GO:0008017; GO:0010628; GO:0014069; GO:0015631; GO:0017148; GO:0019899; GO:0019900; GO:0019901; GO:0022626; GO:0022627; GO:0030425; GO:0030544; GO:0031116; GO:0031334; GO:0031397; GO:0032357; GO:0032358; GO:0032587; GO:0032743; GO:0034614; GO:0042104; GO:0042981; GO:0044390; GO:0044877; GO:0045202; GO:0045738; GO:0045739; GO:0050862; GO:0051018; GO:0051225; GO:0051301; GO:0051879; GO:0061481; GO:0070181; GO:0070301; GO:0071159; GO:0071356; GO:0072686; GO:0097100; GO:0140078; GO:0140297; GO:1901224; GO:1902231; GO:1905053; GO:1990090; GO:1990904; GO:2001235,72245,74766,71121,45637,55448,63639,72849,76055,57377,52372,66503,59966,67472,25131,62529,43577,24931,31766,20292,20680,23660,28683,23956,18939,20942,26299,19156,22175
g655,P62083,RS7_RAT,RS7_RAT,Small ribosomal subunit protein eS7 (40S ribosomal protein S7) (S8),Rps7,negative regulation of ubiquitin-dependent protein catabolic process [GO:2000059]; neural crest cell differentiation [GO:0014033]; neural tube closure [GO:0001843]; positive regulation of gene expression [GO:0010628]; positive regulation of intrinsic apoptotic signaling pathway by p53 class mediator [GO:1902255]; protein stabilization [GO:0050821]; ribosomal small subunit biogenesis [GO:0042274]; rRNA processing [GO:0006364]; translation [GO:0006412],GO:0001843; GO:0003730; GO:0003735; GO:0005634; GO:0005730; GO:0005813; GO:0006364; GO:0006412; GO:0008266; GO:0010628; GO:0014033; GO:0019901; GO:0022626; GO:0022627; GO:0032040; GO:0032991; GO:0042274; GO:0045202; GO:0048027; GO:0050821; GO:1902255; GO:1990904; GO:1990948; GO:2000059,43454,43409,37542,22142,30623,35974,33731,37361,38111,36685,55336,38031,47575,21509,50875,38732,17220,18484,12204,19386,16800,19566,12847,9855,12407,12942,8350,12825
g24032,Q26481,RL5_STYCL,RL5_STYCL,Large ribosomal subunit protein uL18 (60S ribosomal protein L5),RPL5,translation [GO:0006412],GO:0003735; GO:0005634; GO:0005737; GO:0005840; GO:0006412; GO:0008097; GO:1990904,98235,93417,80990,49878,59116,66995,76299,84863,74070,56880,93849,81827,93928,37699,119939,66963,34735,48007,25077,19522,29258,39266,25033,20262,21517,33770,20729,27286